DummyCol1,DummyCol2
3.141592654,2.718281828
0,12
